{
	"format_version": "1.8.0",
	"animations": {
		"animation.player_death": {
			"animation_length": 1.7917,
			"bones": {
				"waist": {
					"rotation": {
						"0.0": [0, 0, 0],
						"0.5": [-12.5, 0, 0]
					},
					"position": {
						"0.0": [0, 0, 0],
						"0.5": [0, -3, 17]
					}
				},
				"body": {
					"rotation": {
						"0.0": [0, 0, 0],
						"0.2917": [-65, 0, 0]
					},
					"position": {
						"0.0": [0, 0, 0],
						"0.2917": [0, -15, 22]
					}
				},
				"bodyArmor": {
					"rotation": [0, 0, 0]
				},
				"belt": {
					"rotation": [0, 0, 0]
				},
				"rightArm": {
					"rotation": {
						"0.0": [0, 0, 0],
						"0.0833": [48.57, 0, 0],
						"0.2917": [-22.5, 0, 0],
						"0.625": [-16.32495, 15.69986, 42.73421],
						"0.7083": [-3.82495, 15.69986, 42.73421]
					}
				},
				"leftArm": {
					"rotation": {
						"0.0": [0, 0, 0],
						"0.0833": [-69.64, 0, 0],
						"0.2917": [45, 0, 0],
						"0.625": [-4.58217, 5.94383, -37.73802]
					}
				},
				"hat": {
					"rotation": {
						"0.0": [0, 0, 0],
						"0.2917": [12.5, 0, 0],
						"0.625": [19.35885, 29.21893, 7.12284]
					}
				},
				"head": {
					"rotation": {
						"0.0": [0, 0, 0],
						"0.2917": [12.5, 0, 0],
						"0.625": [14.35885, 29.21893, 7.12284]
					}
				},
				"leftLeg": {
					"rotation": {
						"0.0": [0, 0, 0],
						"0.2917": [-17.5, 0, 0],
						"0.625": [-26.06663, -9.08661, -17.89244]
					}
				},
				"helmet": {
					"rotation": [0, 0, 0]
				},
				"rightLeg": {
					"rotation": {
						"0.0": [0.18926, -0.39222, -0.01011],
						"0.0833": [40.5464, -0.39222, -0.01011],
						"0.2917": [27.68926, -0.39222, -0.01011],
						"0.6667": [-8.89981, 4.16365, 27.13206]
					}
				}
			}
		}
	}
}